{
    "train_losses": [
        0.509837333523655,
        0.482024866609258,
        0.46929241581572323,
        0.4652258875730282,
        0.4609739387893491,
        0.46155070682598615,
        0.4596029187222863,
        0.4594344427149583,
        0.4651833100077707,
        0.4573260269160401,
        0.45588789495667287,
        0.45609800960148666,
        0.4545278638581976,
        0.4618806687271858,
        0.45480575660864514,
        0.4568936427241015,
        0.4547188018198607,
        0.4523203760656092,
        0.4578147779101682,
        0.4568307054181971,
        0.46070307097005164
    ],
    "validation_losses": [
        0.5213083557655357,
        0.4921909653382494,
        0.47718890157738175,
        0.4736736487446493,
        0.4698930737600161,
        0.4697645749315361,
        0.4694200016859639,
        0.46390399233454227,
        0.4689168993792782,
        0.4664842153904755,
        0.4605300173249548,
        0.46632241341419994,
        0.4634112023204737,
        0.47290502927895917,
        0.4645425069194309,
        0.4683064096580351,
        0.46677283606777303,
        0.46056836171646337,
        0.4640716255744758,
        0.4627049065738744,
        0.4675822630093966
    ],
    "test_losses": []
}