{
    "train_losses": [
        0.5037091462335389,
        0.47823599479541706,
        0.4664153593910034,
        0.46213538726325476,
        0.45922929388694417,
        0.45703311078975173,
        0.4570320090895033,
        0.45563168112483315,
        0.45733747272794506,
        0.4569522690912165,
        0.4548425232621946,
        0.4511128352078018,
        0.4557285820135192,
        0.4545517020536304,
        0.46068032920824414,
        0.4553128705491661,
        0.45290814269570834,
        0.4549281291383404,
        0.4544391057873205,
        0.4542540723093134,
        0.4562953508781552
    ],
    "validation_losses": [
        0.5109216439930689,
        0.4900358262434171,
        0.4779806056119114,
        0.46762392028218747,
        0.4633163448014011,
        0.46594447621031304,
        0.46203660396482216,
        0.4670910275395895,
        0.4630915481231116,
        0.4685624965353508,
        0.45802926293687324,
        0.45804525575885885,
        0.4656479098548779,
        0.46529937358949913,
        0.47121457867539684,
        0.46173541463179396,
        0.46414310515271445,
        0.463916594582486,
        0.4632007619204549,
        0.4649116853413554,
        0.45957540948956
    ],
    "test_losses": []
}