{
    "train_losses": [
        0.5165917683977407,
        0.479611957931333,
        0.46639798467570553,
        0.46293663982442074,
        0.46095536801910897,
        0.4598157000371609,
        0.4601389906633689,
        0.45773882539665034,
        0.46006702740909833,
        0.45630498829596083,
        0.45721002417856926,
        0.4578974966911645,
        0.45583804751880436,
        0.459344291501472,
        0.45515799131993345,
        0.4579130478406231,
        0.45741931514285417,
        0.4572012508734964,
        0.4575030172845269,
        0.4583117364870744
    ],
    "validation_losses": [
        0.5281537195850659,
        0.485970029941184,
        0.4757322834406285,
        0.4673369530308453,
        0.4726259878949623,
        0.46662783174845524,
        0.46048334774943445,
        0.46206165996590104,
        0.467601960105014,
        0.45816670332340836,
        0.46628205228403125,
        0.46454824825931834,
        0.4620601007704101,
        0.4660078536912885,
        0.4655827113314171,
        0.4692861225908202,
        0.46414745508590877,
        0.4665297106166795,
        0.4670587795318207,
        0.46423756800635013
    ],
    "test_losses": []
}